1004,Brena.Mitzi@gmail.com
1004,Karena.Flita@gmail.com
1006,Bernardine.Quinn@gmail.com
1006,Helena.Reneta@gmail.com
1008,Anestassia.Johnsson@gmail.com
1010,Damaris.Robertson@gmail.com
1011,Winifred.Natalia@gmail.com
1012,Lizzie.Dearborn@gmail.com
1012,Ruthe.Chobot@gmail.com
1013,Madalyn.Allare@gmail.com
1014,Giustina.Fabiola@gmail.com
1014,Katuscha.Bultman@gmail.com
1015,Lorie.Ilka@gmail.com
1017,Sibella.Waite@gmail.com
1017,Tracey.Sekofski@gmail.com
1019,Almeta.Swigart@gmail.com
1019,Harrietta.Chauncey@gmail.com
1022,Ardeen.Papageno@gmail.com
1023,Lorne.Mitzi@gmail.com
1025,Nannie.Shanley@gmail.com
1026,Alisha.Minetta@gmail.com
1026,Dolli.Himelman@gmail.com
1026,Jenda.Bahr@gmail.com
1026,Lorie.Saree@gmail.com
1029,Cacilie.Dearborn@gmail.com
1029,Trixi.Denis@gmail.com
1030,Catharine.Yusuk@gmail.com
1030,Rosene.Urania@gmail.com
1030,Vita.Fabiola@gmail.com
1032,Bettine.Eachern@gmail.com
1033,Deloria.Noelyn@gmail.com
1035,Rubie.Thomasina@gmail.com
1037,Jacquetta.Annice@gmail.com
1038,Florie.Zetta@gmail.com
1039,Steffane.Adrienne@gmail.com
1040,Audrie.Pattin@gmail.com
1040,Gale.Bultman@gmail.com
1040,Nariko.Kunin@gmail.com
1040,Shirlee.Alfons@gmail.com
1042,Max.Deegan@gmail.com
1044,Cathyleen.Hilbert@gmail.com
1044,Corina.Wenoa@gmail.com
1044,Hallie.Ardra@gmail.com
1044,Teddie.Suzetta@gmail.com
1046,Bernie.Chinua@gmail.com
1046,Christal.Blase@gmail.com
1046,Claudina.Sawtelle@gmail.com
1047,Alyssa.Justinn@gmail.com
1047,Arabel.Lubin@gmail.com
1053,Gwyneth.Scammon@gmail.com
1053,Quintina.Fulmer@gmail.com
1053,Rosanne.Daniele@gmail.com
1055,Ariela.Damarra@gmail.com
1056,Jean.Charity@gmail.com
1057,Gabi.Jehu@gmail.com
1059,Berget.Leary@gmail.com
1059,Melisent.Ardra@gmail.com
1060,Jessy.Maribeth@gmail.com
1061,Ermengarde.Celestine@gmail.com
1061,Genevra.Erb@gmail.com
1061,Yolane.Peonir@gmail.com
1062,Aimil.Artie@gmail.com
1062,Caritta.Linehan@gmail.com
1062,Frances.Hazlett@gmail.com
1063,Emelina.Barrus@gmail.com
1063,Gabriellia.Arathorn@gmail.com
1063,Katleen.Croix@gmail.com
1063,Neila.Fleeta@gmail.com
1064,Regina.Tufts@gmail.com
1066,Margalo.Horan@gmail.com
1066,Neila.Jaylene@gmail.com
1067,Addia.Wind@gmail.com
1067,Britni.Camden@gmail.com
1067,Madalyn.Pandolfi@gmail.com
1067,Sheree.Bakerman@gmail.com
1068,Stevana.Beniamino@gmail.com
1069,Lolita.Teryn@gmail.com
1070,Dede.Ackerley@gmail.com
1070,Melisent.Tjon@gmail.com
1071,Melina.Ilka@gmail.com
1073,Lanna.Carmena@gmail.com
1073,Orsola.Ellerey@gmail.com
1073,Sibella.Lubin@gmail.com
1074,Deedee.Cullin@gmail.com
1074,Kore.Denis@gmail.com
1075,Genevra.Blake@gmail.com
1078,Arabel.Bow@gmail.com
1079,Cherrita.Schalles@gmail.com
1079,Paule.Bevin@gmail.com
1081,Patricia.Lewes@gmail.com
1083,Brena.Schenck@gmail.com
1083,Cathyleen.Jenness@gmail.com
1083,Coral.Cadmar@gmail.com
1086,Berget.Elbertina@gmail.com
1086,Konstance.Brandice@gmail.com
1087,Aeriela.Madox@gmail.com
1088,Georgina.Avi@gmail.com
1088,Zaria.Meter@gmail.com
1089,Donetta.Chandler@gmail.com
1090,Quintina.Ackerley@gmail.com
1091,Fawne.Faria@gmail.com
1091,Mildrid.Tarrant@gmail.com
1092,Myriam.Warthman@gmail.com
1094,Kelly.Salchunas@gmail.com
1094,Marnia.Vorster@gmail.com
1097,June.Joseph@gmail.com
1100,Roxane.Berriman@gmail.com
1102,Steffane.Rubie@gmail.com
1102,Tilly.Kauppi@gmail.com
1103,Maridel.Ovid@gmail.com
1105,Debee.Dituri@gmail.com
1105,Ericka.Concha@gmail.com
1105,Eugine.Milson@gmail.com
1105,Magdalena.Hirsch@gmail.com
1107,Ginnie.Grimbly@gmail.com
1107,Raquela.Bertold@gmail.com
1108,Carmela.Korey@gmail.com
1108,Desirae.Noman@gmail.com
1109,Cyb.Carri@gmail.com
1110,Agathe.Amasa@gmail.com
1110,Constance.Goth@gmail.com
1111,Nelle.Gladstone@gmail.com
1111,Vinita.Llovera@gmail.com
1112,Margalo.Nerita@gmail.com
1113,Madalyn.Corilla@gmail.com
1116,Darlleen.Talia@gmail.com
1116,Mamie.Timon@gmail.com
1116,Sara-Ann.Zina@gmail.com
1117,Marleah.Libna@gmail.com
1118,Farrah.Pascia@gmail.com
1118,Gusella.Jary@gmail.com
1118,Iseabal.Pond@gmail.com
1118,Ruthe.Janene@gmail.com
1118,Sandie.Rosalba@gmail.com
1119,Amelia.Xerxes@gmail.com
1119,Desirae.Taam@gmail.com
1119,Jessy.Tjon@gmail.com
1119,Mallory.Ambrosia@gmail.com
1120,Kial.Tayib@gmail.com
1120,Viviene.Klemperer@gmail.com
1121,Florencia.Dorothy@gmail.com
1122,Jacquetta.Konyn@gmail.com
1122,Micheline.Iaverne@gmail.com
1124,Cecile.Marijo@gmail.com
1124,Janenna.Bonilla@gmail.com
1124,Mignon.Breed@gmail.com
1124,Wileen.Imelida@gmail.com
1125,Mignon.Kronfeld@gmail.com
1125,Norine.Honoria@gmail.com
1125,Wanda.Desai@gmail.com
1127,Juliane.Ethban@gmail.com
1128,Jeanna.Lymann@gmail.com
1129,Reeba.Wind@gmail.com
1132,Oona.Millda@gmail.com
1133,Angelique.Carri@gmail.com
1133,Bee.Curren@gmail.com
1133,Blondelle.Scammon@gmail.com
1134,Gaylene.Cosenza@gmail.com
1134,Raf.Frodi@gmail.com
1136,Elmira.Judye@gmail.com
1137,Emmey.Israeli@gmail.com
1138,Caryl.Heisel@gmail.com
1138,Elbertina.Reneta@gmail.com
1138,Sonni.Ummersen@gmail.com
1139,Estell.Amand@gmail.com
1140,Ada.Nisbet@gmail.com
1140,Emelina.Tjon@gmail.com
1140,Mamie.Gavrila@gmail.com
1140,Ruthe.Imelida@gmail.com
1143,Jobi.Roche@gmail.com
1145,Jackie.Rhu@gmail.com
1145,Sharlene.Edmund@gmail.com
1145,Violet.Nedrud@gmail.com
1146,Hope.Norvol@gmail.com
1148,Raquela.Maryanne@gmail.com
1148,Verla.Schlosser@gmail.com
1149,Sam.Evangelia@gmail.com
1150,Kenna.Lamoree@gmail.com
1151,Rori.Fredi@gmail.com
1152,Melisent.Brittani@gmail.com
1155,Blake.Waite@gmail.com
1155,Chloris.Malanie@gmail.com
1155,Cyb.Bury@gmail.com
1155,Jillayne.Revkah@gmail.com
1155,Karolina.Susannah@gmail.com
1156,Malina.Wareing@gmail.com
1157,Catharine.Hirsch@gmail.com
1158,Raina.Kolnick@gmail.com
1159,Elvira.Jena@gmail.com
1159,Shel.Lubin@gmail.com
1161,Elise.Konyn@gmail.com
1162,Doralynne.Lacombe@gmail.com
1163,Britni.Mullane@gmail.com
1163,Maye.Vorster@gmail.com
1163,Siana.Nahum@gmail.com
1164,Wendi.Johnsson@gmail.com
1165,Betta.Harriman@gmail.com
1167,Olwen.Roxanna@gmail.com
1168,Rani.Annabella@gmail.com
1169,Malina.Liva@gmail.com
1169,Wilma.Alrich@gmail.com
1171,Kamilah.Cadmar@gmail.com
1171,Magdalena.Bluh@gmail.com
1173,Felice.Verger@gmail.com
1173,Vanessa.Kat@gmail.com
1174,Rubie.Toffic@gmail.com
1175,Glenda.Mallon@gmail.com
1175,Mady.Tiffa@gmail.com
1176,Grier.Kesley@gmail.com
1176,Micheline.Linskey@gmail.com
1176,Ulrike.Pernick@gmail.com
1177,Janenna.Diogenes@gmail.com
1177,Rochette.McCutcheon@gmail.com
1177,Stevana.Pulsifer@gmail.com
1178,Anica.Merat@gmail.com
1178,Lolita.Autrey@gmail.com
1179,Mallory.Roarke@gmail.com
1179,Patricia.Alfons@gmail.com
1179,Taffy.Waite@gmail.com
1180,Ekaterina.Muriel@gmail.com
1181,Claudina.Abram@gmail.com
1181,Trixi.Grayce@gmail.com
1182,Shaylyn.Tomasina@gmail.com
1183,Beatriz.Randene@gmail.com
1184,Basia.Dahlia@gmail.com
1184,Valera.Flyn@gmail.com
1185,Annora.Kristi@gmail.com
1185,Sheree.Chaing@gmail.com
1186,Bobbi.Anis@gmail.com
1186,Lulita.Wadell@gmail.com
1187,Regina.Isacco@gmail.com
1188,Celene.Cavan@gmail.com
1190,Hope.Shields@gmail.com
1191,Beth.Abram@gmail.com
1193,Cordi.Ackerley@gmail.com
1193,Ida.Wenoa@gmail.com
1193,Kate.Dosia@gmail.com
1194,Ana.Fillbert@gmail.com
1194,Charmaine.Zaslow@gmail.com
1194,Ofilia.Bonucci@gmail.com
1195,Gianina.Ackerley@gmail.com
1196,Phylis.Jeanne@gmail.com
1196,Stephanie.Slifka@gmail.com
1196,Wileen.Muriel@gmail.com
1197,Felice.Stacy@gmail.com
1197,Tarra.Toni@gmail.com
1199,Janis.Radu@gmail.com
1202,Cassandra.Amethist@gmail.com
1202,Gaylene.Avi@gmail.com
1202,Talya.Lorain@gmail.com
1203,Kittie.Hertzfeld@gmail.com
1206,Ketti.Mata@gmail.com
1206,Zsa Zsa.Carvey@gmail.com
1207,Ezmeralda.Faust@gmail.com
1209,Chloris.Ciapas@gmail.com
1210,Maye.Goode@gmail.com
1211,Beth.Corabella@gmail.com
1211,Marjie.Haymes@gmail.com
1212,Aeriela.Margret@gmail.com
1212,Wilma.Sacken@gmail.com
1213,Shirlee.Ludewig@gmail.com
1214,Orsola.Jacobah@gmail.com
1215,Marguerite.Telfer@gmail.com
1216,Gisela.Etom@gmail.com
1217,Candy.Gabrielli@gmail.com
1217,Joceline.Carvey@gmail.com
1217,Kaia.Nickola@gmail.com
1218,Binny.Decato@gmail.com
1218,Lucy.Pozzy@gmail.com
1219,Charmaine.Boycey@gmail.com
1219,Zsa Zsa.Berne@gmail.com
1220,Cristabel.Henebry@gmail.com
1222,Gui.Douglass@gmail.com
1223,Demetris.Valerio@gmail.com
1223,Ernesta.Ahab@gmail.com
1223,Talya.Campball@gmail.com
1224,Larine.Penelopa@gmail.com
1226,Carol-Jean.Sekofski@gmail.com
1226,Lacie.Simmonds@gmail.com
1226,Mallory.Winthorpe@gmail.com
1227,Glenda.Brady@gmail.com
1227,Queenie.Remmer@gmail.com
1228,Merrie.Euridice@gmail.com
1230,Nickie.Deny@gmail.com
1231,Gianina.Rozanna@gmail.com
1231,Karina.Desai@gmail.com
1231,Neila.Meter@gmail.com
1231,Tiffie.Ellord@gmail.com
1234,Miquela.Stuart@gmail.com
1234,Tera.Hewitt@gmail.com
1235,Alleen.Swanhildas@gmail.com
1237,Meg.Gale@gmail.com
1238,Anestassia.Baudin@gmail.com
1238,Berta.Quinn@gmail.com
1238,Gilda.Merell@gmail.com
1239,Anallese.Adlare@gmail.com
1240,Giustina.Wesle@gmail.com
1240,Helena.Lunsford@gmail.com
1240,Patricia.Fleeta@gmail.com
1240,Penelopa.Tristram@gmail.com
1243,Bee.Jerald@gmail.com
1243,Donnie.Lissi@gmail.com
1244,Aaren.Earlie@gmail.com
1244,Rosabelle.Minetta@gmail.com
1244,Viviene.Ball@gmail.com
1246,Elyssa.Lynn@gmail.com
1246,Peri.Charity@gmail.com
1247,Fanchon.Wareing@gmail.com
1247,Rhoda.Niles@gmail.com
1248,Alleen.Kermit@gmail.com
1248,Brana.Edison@gmail.com
1250,Aimil.Audly@gmail.com
1250,Grier.Hirsch@gmail.com
1250,Lorne.Posner@gmail.com
1250,Marinna.Decato@gmail.com
1251,Averyl.Hepsibah@gmail.com
1252,Caryl.Alfons@gmail.com
1253,Kamilah.Armanda@gmail.com
1253,Lorie.Gusella@gmail.com
1253,Misha.Chobot@gmail.com
1253,Sherrie.Ricki@gmail.com
1254,Adriana.Orelee@gmail.com
1255,Luci.Tengdin@gmail.com
1256,Reeba.Lytton@gmail.com
1258,Adele.Stefa@gmail.com
1258,Amalie.Bury@gmail.com
1258,Coral.Loeb@gmail.com
1258,Dulce.Drus@gmail.com
1259,Alyda.Hessler@gmail.com
1260,Larine.Sundin@gmail.com
1261,Fidelia.Grobe@gmail.com
1263,Karly.Hebner@gmail.com
1264,Nannie.Tristram@gmail.com
1266,Minda.Thornburg@gmail.com
1268,Lyssa.Poll@gmail.com
1269,Ardys.Heidt@gmail.com
1269,Mara.Kermit@gmail.com
1270,Delilah.Center@gmail.com
1272,Rhoda.Bakerman@gmail.com
1273,Wynne.Barbey@gmail.com
1274,Eadie.Vorster@gmail.com
1274,Layla.Helfand@gmail.com
1275,Binny.Nunci@gmail.com
1275,Cassondra.Marisa@gmail.com
1275,Myrtice.Dominy@gmail.com
1275,Teriann.Mullane@gmail.com
1275,Vevay.Elvyn@gmail.com
1276,Andree.Ruvolo@gmail.com
1276,Ardenia.Sisile@gmail.com
1277,Arlena.Rubie@gmail.com
1278,Babita.Phaidra@gmail.com
1278,Queenie.Thilda@gmail.com
1280,Clo.Anselmi@gmail.com
1282,Jaclyn.Joseph@gmail.com
1282,Laurene.Salchunas@gmail.com
1283,Corene.Pearse@gmail.com
1283,Georgina.Jobi@gmail.com
1284,Ira.Decato@gmail.com
1284,Jere.Stuart@gmail.com
1284,Ulrike.Kelula@gmail.com
1285,Mara.Daveta@gmail.com
1286,Ashlee.Ball@gmail.com
1286,Florie.Levey@gmail.com
1288,Marylou.Celestine@gmail.com
1289,Kirbee.Neva@gmail.com
1290,Esmeralda.Keily@gmail.com
1291,Lory.Carleen@gmail.com
1292,Arlena.Bonucci@gmail.com
1292,Carmela.Giff@gmail.com
1292,Evaleen.Uund@gmail.com
1292,Kaja.Kirstin@gmail.com
1292,Ulrike.Zamora@gmail.com
1293,Collen.Gaynor@gmail.com
1293,Mara.Skurnik@gmail.com
1294,Lolita.Terencio@gmail.com
1294,Shell.Vharat@gmail.com
1295,Gale.Stanwood@gmail.com
1298,Leeanne.Birdella@gmail.com
1299,Eadie.Gamaliel@gmail.com
1300,Cam.O'Carroll@gmail.com
1300,Carlie.Raychel@gmail.com
1300,Dione.Jethro@gmail.com
1301,Jean.Sisile@gmail.com
1301,Kenna.Travax@gmail.com
1304,Jessamyn.Fadiman@gmail.com
1304,Marcelline.Honoria@gmail.com
1305,Lenna.Frendel@gmail.com
1306,Phylis.Zaslow@gmail.com
1306,Ulrike.Eldrid@gmail.com
1307,Barbara.Zola@gmail.com
1307,Orelia.Hashim@gmail.com
1309,Fred.Jeanne@gmail.com
1310,Ardeen.Thornburg@gmail.com
1311,Amelia.Clarissa@gmail.com
1311,Christy.Ariella@gmail.com
1311,Rivalee.Koehler@gmail.com
1311,Roslyn.Jacqui@gmail.com
1312,Elena.Saint@gmail.com
1313,Fernande.Mehalek@gmail.com
1313,Marti.Melan@gmail.com
1314,Gloria.Adore@gmail.com
1315,Grier.Hoenack@gmail.com
1315,Lorne.Celestine@gmail.com
1316,Nanete.Lia@gmail.com
1316,Tami.Thad@gmail.com
1317,Lusa.Hoban@gmail.com
1320,Kittie.Norrie@gmail.com
1321,Nelle.Viddah@gmail.com
1321,Zia.Latini@gmail.com
1322,Nollie.Clywd@gmail.com
1324,Joleen.Penelopa@gmail.com
1324,Orsola.Imelida@gmail.com
1326,Edith.Magdalen@gmail.com
1328,Marjie.Rosette@gmail.com
1329,Britni.Sikorski@gmail.com
1330,Fanny.Hanleigh@gmail.com
1331,Emelina.Fadiman@gmail.com
1332,Tarra.Alrich@gmail.com
1333,Lorie.Lamoree@gmail.com
1335,Blake.Wattenberg@gmail.com
1335,Phylis.Waite@gmail.com
1338,Carolina.Euridice@gmail.com
1338,Clarice.Goth@gmail.com
1338,Lynde.Mandler@gmail.com
1339,Gaylene.Autrey@gmail.com
1340,Kellen.Tremayne@gmail.com
1340,Rosaline.Fillbert@gmail.com
1341,Britni.Bibi@gmail.com
1341,Corene.Raimondo@gmail.com
1343,Lelah.Schlosser@gmail.com
1345,Iseabal.Izaak@gmail.com
1346,Almeta.Duwalt@gmail.com
1346,Renae.Allina@gmail.com
1347,Arlena.Velick@gmail.com
1347,Aryn.Myrilla@gmail.com
1347,Clary.Eiser@gmail.com
1347,Clo.Cottle@gmail.com
1347,Lorne.Cutlerr@gmail.com
1349,Dione.Peti@gmail.com
1350,Celisse.Connelly@gmail.com
1351,Lonnie.Leary@gmail.com
1351,Nessie.Uird@gmail.com
1352,Oralee.Alfons@gmail.com
1353,Kylynn.Fontana@gmail.com
1354,Barbi.Odysseus@gmail.com
1354,Cyndie.Fry@gmail.com
1355,Addia.Agle@gmail.com
1357,Meg.Tremayne@gmail.com
1358,Addia.Bultman@gmail.com
1358,Katuscha.Faust@gmail.com
1358,Marika.Margret@gmail.com
1358,Morganica.Lasley@gmail.com
1358,Phylis.Raama@gmail.com
1359,Randa.Sharl@gmail.com
1359,Sophia.Artie@gmail.com
1360,Arlena.Alexandr@gmail.com
1360,Ulrike.Hepsibah@gmail.com
1361,Hildegaard.Longfellow@gmail.com
1361,Kayla.Dulciana@gmail.com
1362,Myrtice.Delp@gmail.com
1363,Gusty.Kare@gmail.com
1364,Stevana.Vale@gmail.com
1367,Desirae.Docilla@gmail.com
1367,Frank.Ummersen@gmail.com
1368,Lulita.Alisia@gmail.com
1368,Maisey.Morehouse@gmail.com
1369,Wynne.Papageno@gmail.com
1370,Kaja.Glenden@gmail.com
1371,Charmaine.Mendez@gmail.com
1371,Christal.Amethist@gmail.com
1371,Cristine.Fry@gmail.com
1372,Allis.Kendrick@gmail.com
1372,Joeann.Ariella@gmail.com
1373,Lila.Mike@gmail.com
1373,Sara-Ann.Tyson@gmail.com
1373,Sophia.Denis@gmail.com
1374,Chandra.Hebner@gmail.com
1375,Caressa.Bollay@gmail.com
1376,Brietta.Nore@gmail.com
1376,Janenna.Bebe@gmail.com
1376,Tatiania.Allina@gmail.com
1377,Ebonee.Jacobah@gmail.com
1378,Patricia.Shaver@gmail.com
1378,Sophia.Ursulette@gmail.com
1379,Tori.Thar@gmail.com
1381,Tersina.Guthrie@gmail.com
1383,Marcy.Shelba@gmail.com
1383,Viki.Claudine@gmail.com
1384,Emelina.Bashemeth@gmail.com
1384,Ermengarde.Aprile@gmail.com
1385,Candy.Poll@gmail.com
1386,Kirstin.Carvey@gmail.com
1386,Tressa.Chobot@gmail.com
1387,Elbertina.Amadas@gmail.com
1387,Mildrid.Johanna@gmail.com
1387,Stephanie.Niccolo@gmail.com
1388,Ebonee.Eckblad@gmail.com
1388,Jemie.Kesley@gmail.com
1390,Lindie.Devlen@gmail.com
1390,Sharai.Jerold@gmail.com
1390,Wileen.Lunsford@gmail.com
1391,Aurelie.Baptlsta@gmail.com
1391,Emmey.Ursulette@gmail.com
1391,Mildrid.Sundin@gmail.com
1392,Jillayne.Sheng@gmail.com
1393,Karina.Stephie@gmail.com
1394,Cyndie.Tarrant@gmail.com
1394,Thalia.Marden@gmail.com
1395,Brietta.Lasley@gmail.com
1395,Gwenneth.Brittani@gmail.com
1395,Mariann.Koziara@gmail.com
1395,Meriel.Barrus@gmail.com
1395,Tani.Behre@gmail.com
1396,Helena.Amadas@gmail.com
1396,Lisette.Zetta@gmail.com
1396,Teriann.Janene@gmail.com
1397,Correy.Elbertina@gmail.com
1398,Sue.Danby@gmail.com
1398,Tori.Reidar@gmail.com
1400,Dede.Ackerley@gmail.com
1400,Janey.Himelman@gmail.com
1400,Sybille.Nester@gmail.com
1401,Lulita.Dulciana@gmail.com
1402,Tilly.Milde@gmail.com
1403,Augustine.Auberbach@gmail.com
1404,Lilith.Sekofski@gmail.com
1404,Orsola.Smitt@gmail.com
1405,Alisha.Cullin@gmail.com
1406,Jacquetta.Couture@gmail.com
1407,Doro.Jerold@gmail.com
1408,Danny.Pitt@gmail.com
1408,Nicoli.Bultman@gmail.com
1409,Dyann.Tannie@gmail.com
1410,Nickie.Bettine@gmail.com
1410,Trixi.Hedve@gmail.com
1412,Sarette.Milson@gmail.com
1414,Madalyn.Gamaliel@gmail.com
1414,Mara.Yuille@gmail.com
1415,Bibby.Garrison@gmail.com
1416,Janeczka.Graig@gmail.com
1417,Pearline.Monaco@gmail.com
1418,Basia.Tillford@gmail.com
1418,Elfreda.Philoo@gmail.com
1419,Mallory.An@gmail.com
1420,Iseabal.Markman@gmail.com
1420,Viviene.Dulciana@gmail.com
1421,Beverley.Malina@gmail.com
1421,Gerrie.Sperling@gmail.com
1423,Adelle.Cadmar@gmail.com
1423,Dorothy.Phi@gmail.com
1423,Kary.Kalinda@gmail.com
1424,Bettine.Gabrielli@gmail.com
1426,Kathi.Leffen@gmail.com
1426,Nataline.Ephrem@gmail.com
1428,Veda.Bobbee@gmail.com
1429,Aeriela.Amand@gmail.com
1429,Dyann.Han@gmail.com
1429,Gavrielle.Kirstin@gmail.com
1429,Ilse.Henrie@gmail.com
1432,Chastity.Pulsifer@gmail.com
1432,Shannah.Faust@gmail.com
1432,Ursulina.August@gmail.com
1434,Moyna.Fry@gmail.com
1434,Nonnah.Lenny@gmail.com
1436,Genovera.Delacourt@gmail.com
1437,Annice.Eiser@gmail.com
1437,Ottilie.Chauncey@gmail.com
1437,Romona.Michella@gmail.com
1437,Wendi.Keily@gmail.com
1438,Farrah.Ioab@gmail.com
1438,Wynne.Lorain@gmail.com
1440,Alia.Donell@gmail.com
1440,Norine.Berard@gmail.com
1441,Alie.Delp@gmail.com
1441,Florencia.Naor@gmail.com
1441,Marylou.Belanger@gmail.com
1441,Penelopa.Lunsford@gmail.com
1441,Viviene.Kinnard@gmail.com
1443,Wendi.Adamsen@gmail.com
1444,Annecorinne.Howlyn@gmail.com
1444,Kaia.Autrey@gmail.com
1444,Mireielle.Brian@gmail.com
1445,Norine.Ursulette@gmail.com
1447,Goldie.Margret@gmail.com
1447,Zaria.Ephrem@gmail.com
1448,Rhoda.Kolnick@gmail.com
1448,Verla.Lacombe@gmail.com
1449,Flory.Jethro@gmail.com
1449,Penelopa.Garrison@gmail.com
1451,Aeriela.Allina@gmail.com
1453,Lexine.Alarise@gmail.com
1455,Jeanna.Hollingsworth@gmail.com
1456,Brooks.Gert@gmail.com
1456,Corina.Catie@gmail.com
1457,Darlleen.Gillan@gmail.com
1457,Katuscha.Wadell@gmail.com
1458,Annabela.Iaverne@gmail.com
1458,Christal.Fairweather@gmail.com
1458,Sonni.Flyn@gmail.com
1461,Eve.Dominy@gmail.com
1461,Lacie.Medrek@gmail.com
1461,Yolane.Brady@gmail.com
1462,Leontine.Allys@gmail.com
1462,Marnia.Fillbert@gmail.com
1463,Rubie.Winthorpe@gmail.com
1464,Deirdre.Dyche@gmail.com
1464,Fayre.Zamora@gmail.com
1464,Rhea.Milson@gmail.com
1465,Ida.Amasa@gmail.com
1466,Jenda.Hepsibah@gmail.com
1466,Riannon.Arquit@gmail.com
1466,Sophia.Shanley@gmail.com
1467,Madalyn.Publia@gmail.com
1467,Oona.Alrich@gmail.com
1471,Dorothy.Nore@gmail.com
1471,Gwenneth.Dreda@gmail.com
1473,Imojean.Rosette@gmail.com
1475,Mara.Medrek@gmail.com
1476,Ada.Standing@gmail.com
1477,Rosanne.Bivins@gmail.com
1478,Nariko.Harday@gmail.com
1478,Selma.Gordon@gmail.com
1479,Tilly.Vernier@gmail.com
1479,Yolane.Liva@gmail.com
1481,Carmela.Isacco@gmail.com
1483,Kathy.Mehalek@gmail.com
1483,Tersina.Minetta@gmail.com
1484,Myriam.Valoniah@gmail.com
1484,Vevay.Carbo@gmail.com
1485,Caryl.Fosque@gmail.com
1485,Loree.Shaddock@gmail.com
1485,Minda.Evangelia@gmail.com
1485,Sabina.Freddi@gmail.com
1486,Rosaline.Zina@gmail.com
1488,Ira.Taima@gmail.com
1488,Layla.Chauncey@gmail.com
1489,Annaliese.Sikorski@gmail.com
1489,Kathi.Eno@gmail.com
1490,Dacia.Hirsch@gmail.com
1490,Olwen.Hourigan@gmail.com
1491,Adriana.Robertson@gmail.com
1491,Kellen.Jethro@gmail.com
1491,Winifred.Hachmin@gmail.com
1493,Penelopa.Kazimir@gmail.com
1494,Emmey.Kaja@gmail.com
1494,Jessamyn.Natica@gmail.com
1495,Pollyanna.Esmaria@gmail.com
1495,Reeba.Junie@gmail.com
1495,Rozele.Natica@gmail.com
1497,Alleen.Valoniah@gmail.com
1498,Genevra.Gerge@gmail.com
1498,Judy.Guildroy@gmail.com
1500,Tiffie.Melony@gmail.com
1502,Beatriz.Rubie@gmail.com
1502,Kimberley.Gombach@gmail.com
1503,Steffane.Pillsbury@gmail.com
1505,Eve.Taam@gmail.com
1505,Sharlene.Anastatius@gmail.com
1505,Teriann.Bow@gmail.com
1507,Willetta.Chabot@gmail.com
1508,Gui.Wallis@gmail.com
1508,Karena.McAdams@gmail.com
1508,Lulita.Ahab@gmail.com
1510,Josephine.Ailyn@gmail.com
1510,Mary.Genna@gmail.com
1510,Sallie.Rooney@gmail.com
1511,Benita.Screens@gmail.com
1511,Carlie.Jaylene@gmail.com
1512,Agathe.Dex@gmail.com
1512,Jacenta.Shirberg@gmail.com
1513,Clarice.Thema@gmail.com
1513,Fredericka.Granoff@gmail.com
1513,Korrie.Chapland@gmail.com
1514,Charissa.Tengdin@gmail.com
1515,Tressa.Ball@gmail.com
1516,Ketti.Raama@gmail.com
1517,Libbie.Morgun@gmail.com
1518,Annora.Salvidor@gmail.com
1518,Marinna.Breed@gmail.com
1518,Randa.Letsou@gmail.com
1518,Yolane.Paine@gmail.com
1520,Katuscha.Greenwald@gmail.com
1521,Katharina.Rubie@gmail.com
1523,Allis.Presber@gmail.com
1523,Liana.Carleen@gmail.com
1524,Almeta.Goode@gmail.com
1527,Liana.Henrie@gmail.com
1529,Blinni.Ball@gmail.com
1530,Aeriela.Cutlerr@gmail.com
1531,Inga.Swigart@gmail.com
1531,Tybie.Schroth@gmail.com
1532,Sarette.Carey@gmail.com
1532,Teriann.Francyne@gmail.com
1533,Doralynne.Kannry@gmail.com
1533,Perry.Jary@gmail.com
1534,Gerrie.Holtz@gmail.com
1534,Kerrin.Nikaniki@gmail.com
1534,Nerta.Raama@gmail.com
1534,Randa.Kare@gmail.com
1534,Shaylyn.Jorgan@gmail.com
1539,Shell.Craggie@gmail.com
1541,Krystle.Abram@gmail.com
1541,Robbi.Sadowski@gmail.com
1541,Robbi.Shama@gmail.com
1541,Sidoney.Radu@gmail.com
1542,Brietta.Hilbert@gmail.com
1542,Codie.Dituri@gmail.com
1542,Frieda.Tayib@gmail.com
1543,Chere.Guthrie@gmail.com
1543,Nickie.Noman@gmail.com
1543,Stevana.Letsou@gmail.com
1544,Agnese.Nester@gmail.com
1544,Glynnis.Raffo@gmail.com
1544,Tybie.Malina@gmail.com
1545,Brooks.Sikorski@gmail.com
1546,Courtnay.Kolnick@gmail.com
1546,Xylina.Devlen@gmail.com
1547,Sharai.Neva@gmail.com
1549,Alleen.Juliet@gmail.com
1549,Hildegaard.Taam@gmail.com
1549,Karlee.Pandolfi@gmail.com
1552,Ardys.Gaynor@gmail.com
1552,Diena.Gillan@gmail.com
1554,Jobi.Bonucci@gmail.com
1554,Kimmy.Japeth@gmail.com
1555,Babita.Kat@gmail.com
1556,Britte.Ade@gmail.com
1557,Concettina.Baylor@gmail.com
1557,Ericka.Pacorro@gmail.com
1557,Meghann.Yerkovich@gmail.com
1558,Abbie.Laurianne@gmail.com
1558,Elfreda.Sandye@gmail.com
1558,Lenna.Seagraves@gmail.com
1559,Binny.Jerald@gmail.com
1559,Karena.Wildermuth@gmail.com
1562,Elmira.Neils@gmail.com
1562,Fernande.Karna@gmail.com
1562,Joleen.Marijo@gmail.com
1563,Angelique.Joni@gmail.com
1563,Carlie.Narton@gmail.com
1563,Janeczka.Timon@gmail.com
1564,Renie.Francyne@gmail.com
1564,Tilly.Rheingold@gmail.com
1565,Fernande.Brian@gmail.com
1565,Liana.Peonir@gmail.com
1565,Quintina.Fulmer@gmail.com
1565,Ricky.Malvino@gmail.com
1567,Farrah.Capello@gmail.com
1569,Amalie.Eachern@gmail.com
1569,Lanae.Rudolph@gmail.com
1570,Michaelina.Rad@gmail.com
1571,Dagmar.Robertson@gmail.com
1571,Di.Annice@gmail.com
1572,Glynnis.Delacourt@gmail.com
1572,Josephine.Leffen@gmail.com
1574,Claudina.Georas@gmail.com
1575,Ida.Chapland@gmail.com
1576,Alexine.Creamer@gmail.com
1576,Coral.Nisbet@gmail.com
1577,Elyssa.Hermes@gmail.com
1578,Annabela.Ellord@gmail.com
1578,Ardys.Mott@gmail.com
1578,Mahalia.Adalbert@gmail.com
1580,Arabel.Billye@gmail.com
1582,Rochette.Redmond@gmail.com
1584,Annaliese.Tristram@gmail.com
1585,Addia.Kirstin@gmail.com
1586,Kathy.Emmy@gmail.com
1586,Madalyn.Ochs@gmail.com
1588,Donetta.Kirstin@gmail.com
1588,Edith.Gert@gmail.com
1588,Karlee.Kiyoshi@gmail.com
1589,Nerta.Capello@gmail.com
1590,Roberta.Cadmar@gmail.com
1591,Brandise.Zenas@gmail.com
1591,Cecile.Brenn@gmail.com
1591,Max.Redmond@gmail.com
1592,Amelia.Vary@gmail.com
1593,Rani.Ball@gmail.com
1594,Alex.McCutcheon@gmail.com
1594,Joane.Ingra@gmail.com
1595,Jessamyn.Demitria@gmail.com
1595,Roseline.Edmund@gmail.com
1597,Merrie.Tiffa@gmail.com
1598,Frank.Mozelle@gmail.com
1598,Lelah.Pattin@gmail.com
1598,Olwen.Hoenack@gmail.com
1598,Sara-Ann.Francyne@gmail.com
1599,Loree.Erskine@gmail.com
1600,Florie.Gavrila@gmail.com
1601,Atlanta.Craggie@gmail.com
1601,Latisha.Mozelle@gmail.com
1602,Kirstin.Katrine@gmail.com
1603,Oona.Berl@gmail.com
1606,Henriette.Diann@gmail.com
1606,Ursulina.Moseley@gmail.com
1607,Modestia.Joseph@gmail.com
1609,Emilia.Kesley@gmail.com
1611,Eadie.Sammons@gmail.com
1614,Cordi.Nahum@gmail.com
1614,Johna.Anis@gmail.com
1615,Jackie.Ursulette@gmail.com
1616,Riannon.Arvo@gmail.com
1616,Riannon.Mitzi@gmail.com
1617,Edee.Lasley@gmail.com
1618,Kamilah.Barbey@gmail.com
1618,Ninnetta.Hutchison@gmail.com
1618,Tracey.Wareing@gmail.com
1619,Allis.Harned@gmail.com
1620,Vevay.Sikorski@gmail.com
1621,Alameda.Ade@gmail.com
1621,Shauna.Saree@gmail.com
1623,Kirbee.Bury@gmail.com
1626,Cindelyn.Rese@gmail.com
1626,Cristabel.Emmy@gmail.com
1627,Caritta.Hebner@gmail.com
1628,Beatriz.Belanger@gmail.com
1628,Karena.Slifka@gmail.com
1629,Krystle.Niles@gmail.com
1629,Sandie.Latini@gmail.com
1630,Ada.Dielu@gmail.com
1630,Ayn.Borrell@gmail.com
1630,Brandise.Elvyn@gmail.com
1630,Myriam.Delp@gmail.com
1631,Alia.Allare@gmail.com
1631,Kore.Nore@gmail.com
1632,Kenna.Lumbard@gmail.com
1632,Rhoda.Rubie@gmail.com
1634,Claudina.Hartnett@gmail.com
1635,Debee.Borrell@gmail.com
1636,Jenda.Burkle@gmail.com
1636,Tami.Cleo@gmail.com
1637,Kalina.Sinegold@gmail.com
1637,Netty.Gualtiero@gmail.com
1637,Raquela.Carleen@gmail.com
1637,Vonny.Tremayne@gmail.com
1638,Dacia.Lenny@gmail.com
1638,Fanny.Posner@gmail.com
1638,Hannis.Stilwell@gmail.com
1638,Ninnetta.Idelia@gmail.com
1639,Deane.Sheng@gmail.com
1642,Jacquetta.Evvie@gmail.com
1642,Kial.Rudolph@gmail.com
1643,Tera.Lubin@gmail.com
1644,Halette.Lewes@gmail.com
1645,Katuscha.Merat@gmail.com
1645,Libbie.Calhoun@gmail.com
1647,Margette.Drisko@gmail.com
1647,Rosabelle.Lilas@gmail.com
1647,Talya.Crudden@gmail.com
1648,Danny.Kirbee@gmail.com
1649,Brana.Zaslow@gmail.com
1649,Deloria.Garbe@gmail.com
1650,Dorothy.Audly@gmail.com
1650,Rochette.Friede@gmail.com
1651,Marsiella.Simmonds@gmail.com
1652,Debee.Richers@gmail.com
1652,Valera.Kendrick@gmail.com
1653,Sheree.Alexandr@gmail.com
1654,Emilia.Kolnick@gmail.com
1654,Ulrike.Rodmann@gmail.com
1655,Ariela.Timon@gmail.com
1655,Paule.Lea@gmail.com
1657,Vevay.Bethany@gmail.com
1659,Grier.Lane@gmail.com
1659,Ingrid.Madox@gmail.com
1659,Kaja.Eiser@gmail.com
1661,Cherrita.Juan@gmail.com
1662,Ann-Marie.Garek@gmail.com
1662,Kathi.Sidonius@gmail.com
1662,Patricia.Lutero@gmail.com
1664,Alameda.Haldas@gmail.com
1664,Hollie.Edvard@gmail.com
1664,Melina.Cosenza@gmail.com
1665,Edee.Camden@gmail.com
1665,Lita.Lea@gmail.com
1666,Laurene.Susannah@gmail.com
1667,Carmela.Hunfredo@gmail.com
1667,Lily.Randene@gmail.com
1669,Deloria.Hepsibah@gmail.com
1669,Emilia.Turne@gmail.com
1669,Lynde.Verger@gmail.com
1670,Gilda.Linskey@gmail.com
1670,Jolyn.Shaver@gmail.com
1670,Kore.Erich@gmail.com
1671,Gloria.Hieronymus@gmail.com
1675,Randa.Lewes@gmail.com
1676,Sissy.Raama@gmail.com
1677,Carilyn.Brodench@gmail.com
1677,Gerrie.Lilas@gmail.com
1678,Tracey.Dosia@gmail.com
1680,Genovera.Alfons@gmail.com
1680,Jerry.Vilma@gmail.com
1680,Siana.Desai@gmail.com
1684,Drucie.Syd@gmail.com
1684,Taffy.Ivens@gmail.com
1684,Tami.Karylin@gmail.com
1684,Violet.Friede@gmail.com
1684,Wynne.Tryck@gmail.com
1685,Kara-Lynn.Elvyn@gmail.com
1687,Millie.Nikaniki@gmail.com
1689,Berget.Morrill@gmail.com
1690,Giustina.Cristi@gmail.com
1690,Pierette.Fulmer@gmail.com
1691,Meghann.Morehouse@gmail.com
1692,Karina.Nikaniki@gmail.com
1692,Melina.Center@gmail.com
1693,Ketti.Malina@gmail.com
1694,Nollie.Suanne@gmail.com
1695,Gertrud.Pierette@gmail.com
1695,Sabina.Bluh@gmail.com
1696,Audrie.Uund@gmail.com
1696,Loree.Brady@gmail.com
1696,Marika.Natica@gmail.com
1697,Maud.Cutlerr@gmail.com
1698,Albertina.Timon@gmail.com
1698,Glenda.Mich@gmail.com
1699,Olwen.Bebe@gmail.com
1700,Candy.Faro@gmail.com
1700,Gavrielle.Weide@gmail.com
1701,Kaja.Sawtelle@gmail.com
1701,Leontine.Truc@gmail.com
1701,Marcy.Ball@gmail.com
1704,Celisse.Oneida@gmail.com
1705,Mildrid.Uird@gmail.com
1705,Modestia.Tound@gmail.com
1705,Nanete.Valerio@gmail.com
1705,Thalia.Philipp@gmail.com
1706,Mary.Francene@gmail.com
1707,Agathe.Kauppi@gmail.com
1707,Kristan.Odysseus@gmail.com
1709,Genovera.Levey@gmail.com
1709,Marti.Faro@gmail.com
1711,Celisse.Raychel@gmail.com
1712,Hermione.Medrek@gmail.com
1712,Ira.Sophronia@gmail.com
1712,Jeanna.Bouchard@gmail.com
1712,Tabbatha.Haerr@gmail.com
1713,Sallie.Harned@gmail.com
1713,Silvana.Pacorro@gmail.com
1714,Evaleen.Sparhawk@gmail.com
1715,Ermengarde.Sophronia@gmail.com
1715,Halette.Briney@gmail.com
1715,Hettie.Elsinore@gmail.com
1715,Paule.Anyah@gmail.com
1715,Shel.Glovsky@gmail.com
1717,Stevana.Rona@gmail.com
1718,Yolane.Amand@gmail.com
1719,Sallie.Beebe@gmail.com
1720,Petronia.Jobi@gmail.com
1722,Kathi.Hazlett@gmail.com
1723,Dania.Kunin@gmail.com
1723,Grier.Ricarda@gmail.com
1726,Mathilda.Erlandson@gmail.com
1727,Carly.Holbrook@gmail.com
1727,Gabi.Zrike@gmail.com
1727,Hannis.Merell@gmail.com
1728,Evita.Stover@gmail.com
1730,Justinn.Merell@gmail.com
1730,Rosabelle.Levey@gmail.com
1731,Bernie.Fleeta@gmail.com
1731,Brietta.Kolnick@gmail.com
1731,Dacia.Shelba@gmail.com
1732,Annaliese.Libna@gmail.com
1732,Pearline.Madaih@gmail.com
1733,Drucie.Ambrosia@gmail.com
1733,Vivia.Bari@gmail.com
1734,Mallory.Maribeth@gmail.com
1735,Annora.My@gmail.com
1735,Genevra.Oscar@gmail.com
1735,Gusty.Pozzy@gmail.com
1736,Anthia.Penelopa@gmail.com
1736,Zia.Bari@gmail.com
1737,Dawn.Erich@gmail.com
1738,Bettine.Euridice@gmail.com
1739,Rayna.Shuler@gmail.com
1740,Kial.Donell@gmail.com
1740,Kylynn.Elephus@gmail.com
1741,Deane.Lytton@gmail.com
1742,Mellicent.Dituri@gmail.com
1744,Amelia.Truc@gmail.com
1744,Nadine.Uird@gmail.com
1746,Elena.Fitzsimmons@gmail.com
1747,Jobi.Gaynor@gmail.com
1747,Kassey.Garrison@gmail.com
1747,Pamella.Corabella@gmail.com
1748,Cherilyn.Joni@gmail.com
1748,Dulce.Harriman@gmail.com
1748,Latisha.Nickola@gmail.com
1751,Sean.Marijo@gmail.com
1754,Marleah.Prober@gmail.com
1755,Darlleen.Afton@gmail.com
1757,Christal.Jerold@gmail.com
1759,Ada.Ephrem@gmail.com
1759,Brynna.Argus@gmail.com
1759,Ethel.Kazimir@gmail.com
1759,Hannis.Salchunas@gmail.com
1760,Arlena.Mehalek@gmail.com
1760,Belva.Ambrosia@gmail.com
1762,Chandra.Ader@gmail.com